_id,url,date,title
2018-01-22/509424,http://www.yangtse.com/app/internet/2018-01-22/509424.html,2018-01-22,“墨子号”量子卫星成功实现洲际量子密钥分发
2018-01-22/509408,http://www.yangtse.com/app/internet/2018-01-22/509408.html,2018-01-22,洗发水会导致掉发？硅油是掉发的背锅侠吗？真相是…
2018-01-22/509387,http://www.yangtse.com/app/internet/2018-01-22/509387.html,2018-01-22,苹果iPhoneX或于今秋停产 都是“齐刘海”惹的祸
2018-01-22/509333,http://www.yangtse.com/app/internet/2018-01-22/509333.html,2018-01-22,2017年度十大“科学”流言揭晓　原来这些都是骗人的！
2018-01-22/509324,http://www.yangtse.com/app/internet/2018-01-22/509324.html,2018-01-22,量子计算，一场接近“突破点”的竞逐
2018-01-22/509314,http://www.yangtse.com/app/internet/2018-01-22/509314.html,2018-01-22,靠这个“谱”让机器会思考
2018-01-22/509293,http://www.yangtse.com/app/internet/2018-01-22/509293.html,2018-01-22,“基因剪刀”让皮肤细胞“变身”干细胞
2018-01-22/509287,http://www.yangtse.com/app/internet/2018-01-22/509287.html,2018-01-22,土卫六再发现与地球“共性”：平均海拔相似
2018-01-22/509212,http://www.yangtse.com/app/internet/2018-01-22/509212.html,2018-01-22,2018年我国海洋工作有哪些“看点”？
2018-01-22/509208,http://www.yangtse.com/app/internet/2018-01-22/509208.html,2018-01-22,研究人员发现：鲨鱼减少导致其他鱼类眼睛变小
2018-01-22/509207,http://www.yangtse.com/app/internet/2018-01-22/509207.html,2018-01-22,失明者的福音！英国将开展用光遗传技术治疗视力障碍试验
2018-01-22/509200,http://www.yangtse.com/app/internet/2018-01-22/509200.html,2018-01-22,左右脑年龄可测?月球背面有外星人?醒醒吧这些都是骗人的
2018-01-22/509121,http://www.yangtse.com/app/internet/2018-01-22/509121.html,2018-01-22,医学界重大突破：基因可以改写了 家族世代遗传病从此终结?
2018-01-22/509147,http://www.yangtse.com/app/internet/2018-01-22/509147.html,2018-01-22,中国转基因大米首次获得进入美国的“通行证”
2018-01-22/509120,http://www.yangtse.com/app/internet/2018-01-22/509120.html,2018-01-22,苹果旧手机反应变慢 换电池重装系统解决不了问题
2018-01-20/508787,http://www.yangtse.com/app/internet/2018-01-20/508787.html,2018-01-20,“墨子号”首次量子保密洲际通信细节公布
2018-01-20/508786,http://www.yangtse.com/app/internet/2018-01-20/508786.html,2018-01-20,特朗普签署监控涉外通信法案
2018-01-20/508684,http://www.yangtse.com/app/internet/2018-01-20/508684.html,2018-01-20,科学家抓拍到遗传密码读取过程的高清图像
2018-01-20/508683,http://www.yangtse.com/app/internet/2018-01-20/508683.html,2018-01-20,原计划赴国际空间站的首位非洲裔美国女宇航员退出机组成员名单
2018-01-20/508650,http://www.yangtse.com/app/internet/2018-01-20/508650.html,2018-01-20,苹果称下月iPhone用户可自选是否降速 多疑问仍待解
2018-01-19/508409,http://www.yangtse.com/app/internet/2018-01-19/508409.html,2018-01-19,长征十一号的“黑色铠甲”:先进复合材料打造高强度火箭整流罩
2018-01-19/508346,http://www.yangtse.com/app/internet/2018-01-19/508346.html,2018-01-19,2017年位列史上前三最热年
2018-01-19/508327,http://www.yangtse.com/app/internet/2018-01-19/508327.html,2018-01-19,揭秘最新“上岗”的亦庄全图通一号卫星
2018-01-19/508262,http://www.yangtse.com/app/internet/2018-01-19/508262.html,2018-01-19,美科学家绘制出一种“长寿蛋白质”的三维结构图
2018-01-19/508258,http://www.yangtse.com/app/internet/2018-01-19/508258.html,2018-01-19,眼球长痣的人更易患黑素瘤
2018-01-19/508257,http://www.yangtse.com/app/internet/2018-01-19/508257.html,2018-01-19,“生命药方”有助逆转心肌老化危害 这一条件需注意！
2018-01-19/508163,http://www.yangtse.com/app/internet/2018-01-19/508163.html,2018-01-19,“空中手机开机”解禁 为何飞机上还不能打电话？
2018-01-18/507907,http://www.yangtse.com/app/internet/2018-01-18/507907.html,2018-01-18,一次性把手机充电到100%？绝大多数人都错了......
2018-01-18/507905,http://www.yangtse.com/app/internet/2018-01-18/507905.html,2018-01-18,艾普斯龙火箭3次发射成功 日本欲扩大太空商机
2018-01-18/507902,http://www.yangtse.com/app/internet/2018-01-18/507902.html,2018-01-18,北斗卫星导航系统拉开全球组网“战幕”
2018-01-18/507817,http://www.yangtse.com/app/internet/2018-01-18/507817.html,2018-01-18,我国新一代氢原子、铷原子钟技术指标达国际先进
2018-01-18/507816,http://www.yangtse.com/app/internet/2018-01-18/507816.html,2018-01-18,可释放无人机蜂群的飞行航母要来了
2018-01-18/507767,http://www.yangtse.com/app/internet/2018-01-18/507767.html,2018-01-18,年幼的宇宙 如何养育出大胖子黑洞
2018-01-18/507750,http://www.yangtse.com/app/internet/2018-01-18/507750.html,2018-01-18,大连现“极地冰原”景观 专家：只是看着像
2018-01-18/507749,http://www.yangtse.com/app/internet/2018-01-18/507749.html,2018-01-18,最新科学发现！男性晚育下一代高度近视概率高
2018-01-18/507727,http://www.yangtse.com/app/internet/2018-01-18/507727.html,2018-01-18,木星云带绚丽震撼：静似彩色缎带 动如汹涌波涛
2018-01-18/507716,http://www.yangtse.com/app/internet/2018-01-18/507716.html,2018-01-18,给象牙验DNA 科学家追溯盗猎发生地
2018-01-17/507432,http://www.yangtse.com/app/internet/2018-01-17/507432.html,2018-01-17,高盐饮食引发小鼠大脑认知功能缺陷
2018-01-17/507421,http://www.yangtse.com/app/internet/2018-01-17/507421.html,2018-01-17,后果很严重！研究显示忍喷嚏不打或造成咽喉破裂
2018-01-17/507381,http://www.yangtse.com/app/internet/2018-01-17/507381.html,2018-01-17,新研究首次测量出单分子的有效电荷
2018-01-17/507375,http://www.yangtse.com/app/internet/2018-01-17/507375.html,2018-01-17,皮皮虾的“铁拳”或有助于开发航天器新材料
2018-01-17/507346,http://www.yangtse.com/app/internet/2018-01-17/507346.html,2018-01-17,研究：大地震在满月时多发的说法缺乏证据
2018-01-17/507326,http://www.yangtse.com/app/internet/2018-01-17/507326.html,2018-01-17,“白色石墨烯”可大幅提升陶瓷材料性能
2018-01-17/507313,http://www.yangtse.com/app/internet/2018-01-17/507313.html,2018-01-17,美科学家找到锂电池寿命变短原因
2018-01-17/507301,http://www.yangtse.com/app/internet/2018-01-17/507301.html,2018-01-17,日本移植iPS细胞治疗眼疾研究 首现严重并发症
2018-01-17/507254,http://www.yangtse.com/app/internet/2018-01-17/507254.html,2018-01-17,新型气敏胶囊有助于诊断肠道疾病
2018-01-17/507242,http://www.yangtse.com/app/internet/2018-01-17/507242.html,2018-01-17,中国南极新建站大型工程装备运上恩克斯堡岛
2018-01-17/507204,http://www.yangtse.com/app/internet/2018-01-17/507204.html,2018-01-17,中国航天开启“超级2018”！发射任务有望超40次
2018-01-16/507053,http://www.yangtse.com/app/internet/2018-01-16/507053.html,2018-01-16,科大讯飞智能体验店登陆南京 试用五天无条件退货
2018-01-16/506932,http://www.yangtse.com/app/internet/2018-01-16/506932.html,2018-01-16,ofo被曝可用资金不到6亿仅能撑1月 将起诉腾讯科技诽谤
2018-01-16/506860,http://www.yangtse.com/app/internet/2018-01-16/506860.html,2018-01-16,研究称早产儿日后更易出现语言障碍
2018-01-16/506838,http://www.yangtse.com/app/internet/2018-01-16/506838.html,2018-01-16,我国发现迄今最早带不对称飞羽的彩虹色恐龙
2018-01-16/506816,http://www.yangtse.com/app/internet/2018-01-16/506816.html,2018-01-16,日本早期发现癌症技术有新进展 最快2分钟可确诊
2018-01-16/506803,http://www.yangtse.com/app/internet/2018-01-16/506803.html,2018-01-16,美军研发激光充能技术可令无人机不间断飞行
2018-01-16/506713,http://www.yangtse.com/app/internet/2018-01-16/506713.html,2018-01-16,催眠真能删除记忆也能让他人言听计从？ 别被误导
2018-01-15/506502,http://www.yangtse.com/app/internet/2018-01-15/506502.html,2018-01-15,中巴两国首次在北印度洋联合多学科综合考察全面展开
2018-01-15/506379,http://www.yangtse.com/app/internet/2018-01-15/506379.html,2018-01-15,张小龙亮相2018微信公开课：微信要做互联网上最好的工具
2018-01-15/506290,http://www.yangtse.com/app/internet/2018-01-15/506290.html,2018-01-15,巴西本月开始试用一种寨卡疫苗
2018-01-15/506288,http://www.yangtse.com/app/internet/2018-01-15/506288.html,2018-01-15,美国“龙”货运飞船从空间站返回地球，带了什么回来？
2018-01-15/506276,http://www.yangtse.com/app/internet/2018-01-15/506276.html,2018-01-15,科普：银河系中央并非恒星“养老院”
2018-01-13/505836,http://www.yangtse.com/app/internet/2018-01-13/505836.html,2018-01-14,这是魔法吗？清华学霸用3分钟短片告诉你“化学”有多美
2018-01-13/505906,http://www.yangtse.com/app/internet/2018-01-13/505906.html,2018-01-13,美国加州范登堡空军基地发射一枚间谍卫星
2018-01-13/505895,http://www.yangtse.com/app/internet/2018-01-13/505895.html,2018-01-13,我国成功发射陆地勘查卫星三号
2018-01-13/505827,http://www.yangtse.com/app/internet/2018-01-13/505827.html,2018-01-13,唱歌助产妇尽早摆脱产后抑郁症
2018-01-13/505754,http://www.yangtse.com/app/internet/2018-01-13/505754.html,2018-01-13,你知道流感有四大家族吗？来认识一下哪类对健康危害最大
2018-01-13/505768,http://www.yangtse.com/app/internet/2018-01-13/505768.html,2018-01-13,新研究找到一个与肥胖有关的基因变异
2018-01-12/505616,http://www.yangtse.com/app/internet/2018-01-12/505616.html,2018-01-12,我国科学家首次实现海森堡极限的量子精密测量
2018-01-12/505599,http://www.yangtse.com/app/internet/2018-01-12/505599.html,2018-01-12,研究发现：火星发现深埋冰河 探险家可望有水喝
2018-01-12/505469,http://www.yangtse.com/app/internet/2018-01-12/505469.html,2018-01-12,海洋局：失事船漂到近岸概率低 未来三天利于清污
2018-01-12/505461,http://www.yangtse.com/app/internet/2018-01-12/505461.html,2018-01-12,中欧合作制成地球同步气象卫星毫米波探测样机
2018-01-12/505455,http://www.yangtse.com/app/internet/2018-01-12/505455.html,2018-01-12,我国成功发射两颗北斗三号组网卫星
2018-01-12/505362,http://www.yangtse.com/app/internet/2018-01-12/505362.html,2018-01-12,为什么你吃的食物变了味道？生态环境改变盘中餐
2018-01-12/505359,http://www.yangtse.com/app/internet/2018-01-12/505359.html,2018-01-12,山东大学研究成果:试管婴儿鲜胚和冻胚移植无明显差异
2018-01-12/505335,http://www.yangtse.com/app/internet/2018-01-12/505335.html,2018-01-12,每部iPhone机利润151美元 苹果利润是国产手机14倍
2018-01-12/505313,http://www.yangtse.com/app/internet/2018-01-12/505313.html,2018-01-12,觉得冬天控制体重特别困难？可能是因为......
2018-01-12/505312,http://www.yangtse.com/app/internet/2018-01-12/505312.html,2018-01-12,宇宙已138亿岁！美媒揭秘如何测量宇宙有多大岁数
2018-01-11/505144,http://www.yangtse.com/app/internet/2018-01-11/505144.html,2018-01-11,中外科学家团队发现：格陵兰冰盖冰面融水量被高估
2018-01-11/505019,http://www.yangtse.com/app/internet/2018-01-11/505019.html,2018-01-11,世界首例百山祖冷杉胚胎培养成功 被称植物界大熊猫
2018-01-11/505018,http://www.yangtse.com/app/internet/2018-01-11/505018.html,2018-01-11,澳大利亚开发可吞咽式电子胶囊 将用于监控健康
2018-01-11/505017,http://www.yangtse.com/app/internet/2018-01-11/505017.html,2018-01-11,又到黑科技亮相时 CES2018正式开展
2018-01-11/504921,http://www.yangtse.com/app/internet/2018-01-11/504921.html,2018-01-11,简化艾滋病疗法出现：每周口服一次药物
2018-01-11/504880,http://www.yangtse.com/app/internet/2018-01-11/504880.html,2018-01-11,2018年互联网八大猜想：大数据红利普惠生活
2018-01-11/504878,http://www.yangtse.com/app/internet/2018-01-11/504878.html,2018-01-11,千百年来只一面对着地球 谁给月球自转踩了刹车？
2018-01-10/504831,http://www.yangtse.com/app/internet/2018-01-10/504831.html,2018-01-10,你爱的蓝牛仔裤有望更环保：可降解靛蓝染料问世
2018-01-10/504744,http://www.yangtse.com/app/internet/2018-01-10/504744.html,2018-01-10,美神秘间谍卫星“丢失”引猜测
2018-01-10/504708,http://www.yangtse.com/app/internet/2018-01-10/504708.html,2018-01-10,日本研究团队发现一种稀有糖 有助于治疗糖尿病
2018-01-10/504636,http://www.yangtse.com/app/internet/2018-01-10/504636.html,2018-01-10,中国首个0.5米分辨率商业遥感星座建成
2018-01-10/504631,http://www.yangtse.com/app/internet/2018-01-10/504631.html,2018-01-10,美国航天局：南极臭氧空洞正在愈合 氯含量下降
2018-01-10/504629,http://www.yangtse.com/app/internet/2018-01-10/504629.html,2018-01-10,难以降解！中国科学家首次在南极海域发现微塑料
2018-01-10/504532,http://www.yangtse.com/app/internet/2018-01-10/504532.html,2018-01-10,国家科技奖3项授予“水稻科学家”，百姓饭碗将有哪些革命？
2018-01-10/504528,http://www.yangtse.com/app/internet/2018-01-10/504528.html,2018-01-10,好奇号在火星发现奇特管状结构 或由生物扰动造成
2018-01-10/504521,http://www.yangtse.com/app/internet/2018-01-10/504521.html,2018-01-10,苹果：中国内地的iCloud服务将转由国内公司负责运营
2018-01-10/504510,http://www.yangtse.com/app/internet/2018-01-10/504510.html,2018-01-10,国家网信办就“支付宝年度账单事件”约谈当事企业负责人
2018-01-09/504330,http://www.yangtse.com/app/internet/2018-01-09/504330.html,2018-01-09,你会流鼻血吗？干燥冬天鼻子出血不容忽视
2018-01-09/504323,http://www.yangtse.com/app/internet/2018-01-09/504323.html,2018-01-09,我国无人机设计制造和试验水平跻身国际一流
2018-01-09/504317,http://www.yangtse.com/app/internet/2018-01-09/504317.html,2018-01-09,生物趣闻：猜猜苍蝇如何降温？答案竟与其唾液有关
2018-01-09/504285,http://www.yangtse.com/app/internet/2018-01-09/504285.html,2018-01-09,医生证明90后真秃了：这代人比他们父辈脱发来得早
2018-01-09/504232,http://www.yangtse.com/app/internet/2018-01-09/504232.html,2018-01-09,中科院驳“天宫一号将撞地球”：重返大气层烧毁
2018-01-09/504229,http://www.yangtse.com/app/internet/2018-01-09/504229.html,2018-01-09,2017年是美国气象灾害损失“最大年”
2018-01-09/504226,http://www.yangtse.com/app/internet/2018-01-09/504226.html,2018-01-09,燃煤机组超低排放技术从源头突击“围剿”雾霾
